{
	"credit": "Made with Blockbench",
	"parent": "block/block",
	"textures": {
		"9": "block/stone",
		"10": "block/eye",
		"particle": "block/stone"
	},
	"elements": [
		{
			"from": [0, 0, 0],
			"to": [16, 8, 16],
			"faces": {
				"north": {"uv": [0, 8, 16, 16], "texture": "#9", "cullface": "north"},
				"east": {"uv": [0, 8, 16, 16], "texture": "#9", "cullface": "east"},
				"south": {"uv": [0, 8, 16, 16], "texture": "#9", "cullface": "south"},
				"west": {"uv": [0, 8, 16, 16], "texture": "#9", "cullface": "west"},
				"up": {"uv": [0, 0, 16, 16], "texture": "#9"},
				"down": {"uv": [0, 0, 16, 16], "texture": "#9", "cullface": "down"}
			}
		},
		{
			"from": [8, 8, 0],
			"to": [16, 16, 16],
			"faces": {
				"north": {"uv": [0, 0, 8, 8], "texture": "#9", "cullface": "north"},
				"east": {"uv": [0, 0, 16, 8], "texture": "#9", "cullface": "east"},
				"south": {"uv": [8, 0, 16, 8], "texture": "#9", "cullface": "south"},
				"west": {"uv": [0, 0, 16, 8], "texture": "#9"},
				"up": {"uv": [8, 0, 16, 16], "texture": "#9", "cullface": "up"}
			}
		},
		{
			"from": [16, 10, 10],
			"to": [17, 14, 14],
			"faces": {
				"north": {"uv": [6, 4, 7, 8], "texture": "#10"},
				"east": {"uv": [0, 0, 4, 4], "texture": "#10"},
				"south": {"uv": [6, 0, 7, 4], "texture": "#10"},
				"west": {"uv": [0, 4, 4, 8], "texture": "#10"},
				"up": {"uv": [7, 0, 8, 4], "texture": "#10"},
				"down": {"uv": [7, 4, 8, 8], "texture": "#10"}
			}
		},
		{
			"from": [16, 10, 2],
			"to": [17, 14, 6],
			"faces": {
				"north": {"uv": [4, 0, 5, 4], "texture": "#10"},
				"east": {"uv": [0, 0, 4, 4], "texture": "#10"},
				"south": {"uv": [4, 4, 5, 8], "texture": "#10"},
				"west": {"uv": [0, 4, 4, 8], "texture": "#10"},
				"up": {"uv": [6, 4, 5, 0], "texture": "#10"},
				"down": {"uv": [6, 4, 5, 8], "texture": "#10"}
			}
		}
	],
	"display": {
		"thirdperson_lefthand": {
			"rotation": [75, -135, 0],
			"translation": [0, 2.5, 0],
			"scale": [0.375, 0.375, 0.375]
		},
		"gui": {
			"rotation": [30, 135, 0],
			"scale": [0.625, 0.625, 0.625]
		},
		"head": {
			"rotation": [0, -90, 0]
		}
	},
	"groups": [
		{
			"name": "stone_stairs",
			"origin": [8, 8, 8],
			"color": 0,
			"children": []
		},
		{
			"name": "stone_stairs_inner",
			"origin": [8, 8, 8],
			"color": 0,
			"children": []
		},
		{
			"name": "stairs",
			"origin": [8, 8, 8],
			"color": 0,
			"children": [0, 1, 2, 3]
		}
	]
}